Name,Thickness,Camber
2032c,0.079968,0.069969
a18,0.073534,0.038421
a18sm,0.072835,0.038423
a63a108c,0.077378,0.003657
ah21,0.07002,0.017612
ah6407,0.068608,0.055489
ah7476,0.059579,0.062095
ah79100a,0.1,0.036435
ah79100b,0.100375,0.064103
ah79100c,0.099441,0.066809
ames01,0.102883,0.014299
ames02,0.077378,0.003658
ames03,0.100002,0.012315
amsoil1,0.116276,0.020915
amsoil2,0.117662,0.009775
aquilasm,0.093845,0.039875
arad10,0.100035,0.039866
arad13,0.130001,0.035995
arad20,0.200174,0.037433
arad6,0.06025,0.050067
atr72sm,0.145262,0.028533
avistar,0.145214,0.022844
b29root,0.220659,0.018054
b29tip,0.09033,0.022696
b540ols,0.097086,0.000162
b707a,0.114347,-0.013925
b707b,0.122358,0.007058
b707c,0.097873,0.015627
b707d,0.089786,0.01824
b707e,0.090089,0.018051
b737a,0.15372,0.003595
b737b,0.125728,0.007622
b737c,0.100298,0.014505
b737d,0.107996,0.015857
bacj,0.100699,0.016624
bacxxx,0.113099,0.013604
be50,0.073043,0.040085
be50sm,0.073262,0.039532
boe103,0.127374,0.035759
boe106,0.130767,0.033417
bqm34,0.099002,8.2e-05
bw3,0.050231,0.056575
c141a,0.129911,0.010728
c141b,0.126436,0.011054
c141c,0.109876,0.01314
c141d,0.107637,0.015472
c141e,0.105096,0.017744
c141f,0.099967,0.022368
c5a,0.131221,0.00756
c5b,0.115499,0.012387
c5c,0.111035,0.014336
c5d,0.110541,0.013785
c5e,0.107811,0.014334
cast102,0.121899,0.015482
ch10sm,0.128434,0.101975
chen,0.124732,0.078595
clarkk,0.11699,0.032904
clarkv,0.116874,0.034056
clarkw,0.113142,0.037539
clarkx,0.116994,0.032993
clarky,0.117066,0.034997
clarkyh,0.119076,0.025176
clarkys,0.117047,0.023663
clarkysm,0.117267,0.035278
clarkz,0.117499,0.040492
clarym15,0.150038,0.035743
clarym18,0.18008,0.03571
cr001sm,0.073331,0.040593
cr1,0.122091,0.047698
dae11,0.128291,0.066349
dae21,0.117848,0.06603
dae31,0.110606,0.067265
dae41,0.116864,0.030461
dae51,0.093824,0.040539
davis,0.112518,0.037199
davissm,0.058752,0.059073
dbln526,0.259896,0.039661
defcnd1,0.209141,0.046404
defcnd2,0.147494,0.038537
defcnd3,0.11485,0.021708
df101,0.110039,0.023238
df102,0.110048,0.02287
dfvlrr4,0.133847,0.020555
dh4009sm,0.08953,0.001916
doa5,0.162208,0.025524
dsma523a,0.109978,0.022712
dsma523b,0.109969,0.024412
du8608418,0.084559,0.011166
e1098,0.189878,0.037405
e1200,0.169661,0.034478
e1210,0.15854,0.052762
e1211,0.180282,0.044634
e1212,0.177295,0.032472
e1212mod,0.177611,0.032299
e1213,0.174073,0.020763
e1214,0.19849,0.021574
e1230,0.174576,0.036323
e1233,0.189364,0.043613
e168,0.12446,-0.0
e169,0.144042,1e-06
e171,0.122818,0.0
e174,0.089228,0.038272
e176,0.088313,0.032751
e178,0.086959,0.027766
e180,0.085915,0.022679
e182,0.084697,0.017022
e184,0.083277,0.011754
e186,0.102744,0.012816
e193,0.1023,0.035458
e193mod,0.11868,0.041433
e195,0.118315,0.031595
e197,0.134944,0.02788
e201,0.118872,0.030684
e203,0.136532,0.026555
e205,0.104787,0.029823
e207,0.120368,0.024886
e209,0.137228,0.019893
e210,0.13648,0.040231
e211,0.109641,0.025517
e212,0.105653,0.029168
e214,0.111077,0.040284
e216,0.104385,0.051611
e220,0.1148,0.024851
e221,0.093862,0.018574
e222,0.101793,0.02489
e224,0.10174,0.017657
e226,0.101937,0.009629
e228,0.100805,0.002699
e230,0.099645,-0.007848
e231,0.123413,0.024579
e266,0.173261,0.03156
e297,0.11388,-9.6e-05
e325,0.126459,0.017571
e326,0.128801,0.021916
e327,0.131209,0.026123
e328,0.133478,0.030445
e329,0.135538,0.035253
e330,0.110407,0.02191
e331,0.112852,0.026091
e332,0.115444,0.030501
e333,0.117706,0.035481
e334,0.119503,0.040214
e335,0.12592,0.023824
e336,0.12807,0.028028
e337,0.131153,0.032469
e338,0.133226,0.037261
e339,0.135615,0.041527
e340,0.137209,0.025986
e341,0.139944,0.03027
e342,0.142695,0.034832
e343,0.144942,0.039486
e344,0.147414,0.044094
e360,0.122433,0.015424
e361,0.121248,0.016484
e374,0.109224,0.02263
e376,0.024719,0.089533
e377,0.0388,0.088002
e377m,0.037848,0.09184
e378,0.040889,0.080088
e379,0.022304,0.080413
e385,0.084274,0.057236
e387,0.090692,0.037833
e392,0.10153,0.038542
e393,0.115272,0.040201
e395,0.122955,0.052425
e396,0.130746,0.054454
e397,0.135373,0.052997
e398,0.141813,0.05309
e399,0.14857,0.051387
e403,0.149716,0.033137
e407,0.144498,0.034951
e417,0.142058,0.031651
e420,0.14344,0.10469
e421,0.145376,0.086413
e422,0.14015,0.07121
e423,0.125241,0.099281
e426,0.108483,0.006847
e428,0.112042,0.006314
e431,0.151472,0.042405
e432,0.159888,0.044427
e433,0.142291,0.03992
e434,0.133542,0.043371
e435,0.162456,0.043795
e471,0.062665,0.047009
e472,0.121009,0.00017
e473,0.161894,0.000181
e474,0.140878,0.0
e475,0.150028,-0.0
e479,0.165734,0.000177
e485,0.125292,0.011361
e49,0.072331,0.069233
e502,0.156723,0.01523
e520,0.150146,-8.2e-05
e521,0.137767,-8.6e-05
e540,0.168828,0.016039
e541,0.16643,0.016689
e542,0.168894,0.019112
e543,0.172471,0.018728
e544,0.175183,0.018485
e545,0.174499,0.01811
e546,0.162747,0.017646
e547,0.174041,0.020699
e548,0.174247,0.022222
e549,0.181297,0.02093
e550,0.182128,0.022341
e551,0.182824,0.028272
e552,0.184659,0.025787
e553,0.181429,0.029781
e554,0.182697,0.02656
e555,0.160381,0.026071
e556,0.160202,0.031256
e557,0.160278,0.036738
e558,0.16036,0.035547
e559,0.160667,0.042967
e560,0.160926,0.048793
e561,0.169327,0.051171
e562,0.150427,0.039661
e58,0.056176,0.064625
e580,0.160974,0.040962
e582,0.14755,0.042775
e583,0.165043,0.045041
e584,0.166222,0.045361
e585,0.146386,0.042673
e587,0.16669,0.041324
e59,0.056098,0.052374
e593,0.113119,0.046839
e598,0.111566,0.045417
e603,0.189897,0.03294
e604,0.188231,0.033109
e61,0.056746,0.06665
e62,0.056396,0.053545
e625,0.130008,0.028867
e63,0.042691,0.053929
e635,0.116539,0.028525
e636,0.11899,0.032154
e637,0.121096,0.036955
e638,0.123563,0.041868
e639,0.125612,0.047802
e64,0.084568,0.03318
e642,0.150798,0.030946
e654,0.172186,0.048293
e655,0.173483,0.040011
e656,0.162194,0.048293
e657,0.155841,0.046695
e66,0.101421,0.040422
e662,0.150238,0.041015
e664,0.16631,0.027197
e664ex,0.166342,0.042953
e668,0.139094,0.039696
e67,0.116285,0.036649
e678,0.150815,0.052061
e68,0.131125,0.033383
e682,0.153198,0.029888
e694,0.154579,0.049345
e71,0.051714,0.046133
e715,0.1507,0.027718
e748,0.197458,0.046068
e793,0.156437,0.041321
e817,0.109861,0.028885
e818,0.093706,0.028018
e836,0.126558,0.000165
e837,0.16106,0.000173
e838,0.184139,0.000176
e850,0.079951,0.018273
e851,0.090291,0.023405
e852,0.100882,0.027655
e853,0.116287,0.030931
e854,0.134231,0.032866
e855,0.157248,0.037627
e856,0.181803,0.042508
e857,0.203781,0.04669
e858,0.227457,0.048007
e862,0.323737,0.000203
e863,0.357799,0.000217
e864,0.389005,0.0007
e874,0.079066,0.009463
e904,0.08999,0.013468
e908,0.090081,0.027667
ea61009,0.09014,0.000197
ea61012,0.120406,0.000216
ea81006,0.060262,0.000172
ec863914,0.142892,0.043944
esa40,0.107246,0.01981
falcon56mk2,0.136784,0.016334
fauvel,0.139871,0.026052
fx049915,0.149177,0.058904
fx05188,0.188602,0.0263
fx05191,0.191563,0.02631
fx057816,0.162192,0.051639
fx05h126,0.126174,0.044014
fx082512,0.118017,0.04178
fx08s176,0.176197,0.056655
fx2,0.204828,0.03817
fx3,0.200199,0.042218
fx38153,0.155422,0.02135
fx60100,0.099927,0.035504
fx601001,0.101221,0.036015
fx60100sm,0.099803,0.034767
fx60126,0.125934,0.03551
fx601261,0.125936,0.040335
fx60157,0.156765,0.027037
fx60160,0.156519,0.030838
fx60177,0.177291,0.027063
fx61140,0.139832,0.02448
fx61147,0.147658,0.031527
fx61163,0.16361,0.025457
fx61168,0.168128,0.029694
fx61184,0.183655,0.030366
fx62k131,0.130909,0.03878
fx62k153,0.152744,0.040616
fx63100,0.099655,0.043469
fx63110,0.110392,0.043464
fx63120,0.120244,0.052286
fx63137,0.137128,0.059505
fx63137sm,0.136898,0.058485
fx63143,0.143178,0.030897
fx63145,0.144755,0.040273
fx63147,0.147563,0.031334
fx63158,0.158223,0.037453
fx6617a2,0.182129,0.037871
fx6617ai,0.188439,0.037172
fx66182,0.182128,0.03787
fx66196v,0.195687,0.039955
fx66a175,0.17539,0.041502
fx66s161,0.161268,0.039055
fx66s171,0.171158,0.038787
fx66s196,0.196475,0.03758
fx67k150,0.14993,0.048219
fx67k170,0.170242,0.050496
fx69h083,0.084138,0.024584
fx69h098,0.098901,0.017518
fx71089a,0.089402,6e-05
fx71120,0.11986,3.3e-05
fx711520,0.150046,-0.000975
fx711525,0.150046,-0.001073
fx71l150,0.150046,-0.000974
fx72150a,0.150274,0.082965
fx72150b,0.150277,0.097609
fx74cl5140,0.1405,0.098028
fx74modsm,0.130885,0.097289
fx76mp140,0.141089,0.070737
fx76mp160sm,0.161561,0.060546
fx77w153,0.152515,0.044829
fx77w258,0.261424,0.038722
fx77w343,0.343727,0.041607
fx79k144,0.143912,0.027762
fxl142k,0.142017,0.000157
fxlv152,0.152972,0.000206
fxm2,0.083988,0.047098
fxs02196,0.195872,0.037276
fxs03182,0.182213,0.028499
fxs21158,0.157867,0.034931
geminism,0.153825,0.022009
giiia,0.110246,0.007505
giiib,0.104628,0.008153
giiic,0.099362,0.00923
giiid,0.097126,0.00981
giiie,0.087874,0.011898
giiif,0.082611,0.013047
giiig,0.082905,0.013015
giiih,0.083393,0.012996
giiii,0.084542,0.013312
giiij,0.085038,0.01397
giiik,0.085366,0.015044
giiil,0.085462,0.015812
giiim,0.085154,0.018806
giiin,0.08448,0.021048
gm15sm,0.067394,0.047627
goe05k,0.037034,0.015414
goe06k,0.075032,0.031139
goe07k,0.110031,0.045633
goe08k,0.148577,0.061507
goe09k,0.024508,0.009128
goe100,0.066086,0.036106
goe101,0.069097,0.040078
goe10k,0.038533,0.014348
goe113,0.066669,0.030667
goe114,0.095953,0.035065
goe115,0.098238,0.037913
goe116,0.094084,0.04124
goe117,0.090113,0.045849
goe118,0.086563,0.057316
goe11k,0.074574,0.027637
goe121,0.066508,0.046211
goe122,0.074267,0.040786
goe123,0.054042,0.056899
goe124,0.079873,0.055624
goe12k,0.111073,0.04116
goe133,0.079009,0.043059
goe134,0.09451,0.039773
goe137,0.0861,0.044696
goe13k,0.148118,0.054921
goe14,0.09944,0.069461
goe140,0.088428,0.053066
goe142,0.061633,0.038539
goe143,0.075106,0.038191
goe144,0.073152,0.047722
goe147,0.075555,0.037822
goe14k,0.120018,0.027224
goe15,0.090053,0.077652
goe155,0.070213,0.052994
goe15k,0.15001,0.034042
goe164,0.088881,0.066412
goe165,0.122605,0.057598
goe167,0.101415,0.046172
goe16k,0.181477,0.041172
goe173,0.077901,0.059247
goe174,0.086007,0.055827
goe176,0.103386,0.055671
goe177,0.077306,0.050548
goe178,0.085719,0.04415
goe180,0.086822,0.044478
goe182,0.094646,0.052722
goe184,0.083549,0.053029
goe187,0.082876,0.048402
goe188,0.089467,0.04306
goe190,0.128007,0.059304
goe195,0.086034,0.050817
goe198,0.078085,0.065315
goe199,0.07333,0.052174
goe207,0.088072,0.066623
goe210,0.06644,0.043429
goe217,0.191606,0.06311
goe222,0.186078,0.072375
goe223,0.188987,0.057315
goe225,0.12985,0.076387
goe226,0.140642,0.080726
goe227,0.145955,0.07779
goe228,0.179795,0.070047
goe229,0.194191,0.059405
goe233,0.116886,0.082075
goe234,0.143678,0.091827
goe235,0.065519,0.035691
goe238,0.098135,0.055717
goe239,0.113023,0.060343
goe240,0.070397,0.051698
goe241,0.189751,0.084009
goe242,0.161936,0.075397
goe243,0.192717,0.084217
goe244,0.178325,0.099952
goe255,0.186234,0.04904
goe256,0.160232,0.047258
goe257,0.088479,0.041303
goe264,0.064358,0.057641
goe265,0.076738,0.073261
goe269,0.066209,0.050403
goe274,0.086763,0.048896
goe275,0.078295,0.047236
goe276,0.073119,0.04052
goe277,0.084334,0.04414
goe278,0.07459,0.042713
goe279,0.074298,0.047392
goe280,0.079438,0.045589
goe281,0.080454,0.045708
goe282,0.091281,0.050515
goe284,0.176516,0.05131
goe285,0.117424,0.036989
goe286,0.094116,0.041175
goe287,0.089081,0.049205
goe288,0.17593,0.056067
goe289,0.168392,0.061351
goe290,0.176071,0.038621
goe298,0.128316,0.045423
goe29b,0.094339,0.065952
goe300,0.084445,0.066917
goe301,0.099338,0.065229
goe303,0.098408,0.058733
goe304,0.089912,0.063195
goe308,0.081046,0.050631
goe309,0.084381,0.046947
goe310,0.081695,0.048176
goe311,0.084681,0.06147
goe314,0.080802,0.046996
goe315,0.081001,0.040912
goe316,0.091394,0.042652
goe318,0.091361,0.043358
goe319,0.102499,0.057717
goe320,0.124108,0.062102
goe321,0.111638,0.051905
goe322,0.130711,0.060698
goe323,0.110499,0.051904
goe324,0.131445,0.059469
goe325,0.083133,0.046464
goe326,0.081985,0.047594
goe328,0.082005,0.04326
goe329,0.101603,0.055733
goe330,0.102242,0.057659
goe331,0.106665,0.068809
goe332,0.117876,0.063685
goe335,0.069153,0.048381
goe336,0.089599,0.054728
goe342,0.05399,0.061673
goe344,0.072029,0.027278
goe346,0.057393,0.038287
goe358,0.109762,0.056209
goe359,0.078455,0.05912
goe360,0.096853,0.058988
goe361,0.068004,0.055618
goe362,0.066018,0.052846
goe363,0.110762,0.057301
goe364,0.10806,0.065292
goe365,0.11732,0.051646
goe366,0.131548,0.072997
goe367,0.163879,0.046109
goe368,0.077154,0.03826
goe369,0.058585,0.054174
goe370,0.046774,0.057491
goe371,0.06961,0.046144
goe372,0.062041,0.043213
goe373,0.065581,0.051288
goe374,0.064718,0.045261
goe375,0.06545,0.044873
goe376,0.066159,0.04981
goe377,0.064486,0.039049
goe379,0.064552,0.052894
goe380,0.065548,0.056197
goe381,0.063819,0.058098
goe382,0.200735,0.060775
goe383,0.202367,0.046571
goe384,0.19573,0.068628
goe385,0.098958,0.041686
goe386,0.203039,0.05437
goe387,0.14885,0.055343
goe388,0.102639,0.054317
goe389,0.103712,0.039974
goe390,0.203208,0.069085
goe391,0.05106,0.032117
goe392,0.101507,0.048637
goe393,0.060818,0.042352
goe394,0.061101,0.058924
goe395,0.061097,0.069805
goe396,0.047528,0.057724
goe397,0.050995,0.039658
goe398,0.138532,0.048272
goe399,0.069018,0.042353
goe400,0.061375,0.049133
goe401,0.071204,0.048725
goe402,0.06829,0.057663
goe403,0.067045,0.043351
goe404,0.132718,0.049885
goe405,0.111004,0.06546
goe406,0.117038,0.055733
goe407,0.094759,0.048289
goe408,0.077771,0.041792
goe409,0.128338,0.000212
goe410,0.16168,0.000239
goe411,0.132886,0.000168
goe412,0.13154,0.051347
goe413,0.164589,0.046651
goe414,0.136095,0.052594
goe415,0.085468,0.036793
goe416a,0.117099,0.013409
goe417,0.060121,0.061522
goe417a,0.032044,0.059439
goe418,0.127324,0.050663
goe419,0.053172,0.041175
goe420,0.187609,0.043428
goe421,0.190226,0.081446
goe422,0.170711,0.065083
goe423,0.170229,0.050471
goe424,0.202099,0.047641
goe425,0.160953,0.045463
goe426,0.136011,0.045684
goe427,0.046407,0.054314
goe428,0.08002,0.052229
goe429,0.114562,0.001997
goe430,0.134219,0.048526
goe431,0.118267,0.073062
goe432,0.077509,0.043493
goe433,0.175049,0.048522
goe434,0.229064,0.049461
goe435,0.26219,0.045333
goe436,0.110447,0.037707
goe437,0.070721,0.048116
goe438,0.110179,0.037911
goe439,0.079433,0.052252
goe440,0.154285,0.097025
goe441,0.16092,0.077565
goe442,0.077461,0.04349
goe443,0.050698,0.000102
goe444,0.056384,0.000102
goe445,0.064266,0.000114
goe446,0.129185,0.063525
goe447,0.126793,0.08051
goe448,0.129102,0.105573
goe449,0.17079,0.053914
goe450,0.089165,0.052324
goe451,0.044081,0.055741
goe456,0.072069,0.052164
goe457,0.078588,0.042446
goe458,0.072068,0.05216
goe459,0.127538,0.000208
goe460,0.205482,0.000253
goe462,0.110781,0.134959
goe464,0.077667,0.099681
goe474,0.069497,0.029401
goe476,0.144641,0.052165
goe477,0.100615,0.048936
goe478,0.133492,0.043115
goe479,0.116038,0.039964
goe480,0.117582,0.055011
goe481,0.136379,0.088958
goe481a,0.153741,0.055372
goe482,0.16671,0.088134
goe483,0.054551,0.058675
goe484,0.06254,0.04986
goe488,0.068094,0.030741
goe490,0.08851,0.039038
goe491,0.048988,0.02944
goe492,0.06223,0.03396
goe493,0.150704,0.0337
goe494,0.049651,0.051056
goe495,0.069714,0.050041
goe496,0.10049,0.05011
goe497,0.127981,0.053256
goe498,0.160672,0.05369
goe499,0.068463,0.058779
goe500,0.100576,0.060031
goe501,0.129109,0.062965
goe502,0.160262,0.061078
goe503,0.156222,0.069801
goe504,0.180017,0.05408
goe505,0.141274,0.059004
goe506,0.165196,0.046749
goe507,0.0865,0.029298
goe508,0.165302,0.056544
goe509,0.112294,0.052367
goe510,0.138454,0.059125
goe511,0.167665,0.080422
goe512,0.139888,0.056648
goe513,0.16783,0.05312
goe514,0.167959,0.064574
goe515,0.084558,0.028282
goe517,0.070017,0.046758
goe518,0.180072,0.072776
goe522,0.219146,0.052187
goe523,0.166244,0.09695
goe525,0.166244,0.09695
goe526,0.123105,0.041273
goe527,0.16554,0.058263
goe528,0.124776,0.06188
goe529,0.097096,0.057986
goe530,0.129221,0.050841
goe531,0.138123,0.147436
goe532,0.125812,0.048374
goe533,0.137155,0.046786
goe534,0.141226,0.052129
goe535,0.163032,0.057273
goe54,0.065154,0.034717
goe546,0.10403,0.035768
goe547,0.105512,0.040232
goe548,0.11995,0.023108
goe549,0.138488,0.046787
goe55,0.061898,0.020709
goe550,0.130213,0.042919
goe553,0.137164,0.046584
goe559,0.112581,0.034702
goe561,0.249682,0.102716
goe562,0.141066,0.063021
goe563,0.089043,0.0226
goe564,0.08214,0.02692
goe565,0.084457,0.027969
goe566,0.086837,0.02562
goe567,0.147879,0.052592
goe57,0.062916,0.051389
goe570,0.338279,0.096678
goe571,0.24952,0.099068
goe572,0.186199,0.083155
goe573,0.141056,0.065258
goe574,0.102708,0.050026
goe575,0.133501,0.036179
goe584,0.126964,0.049521
goe585,0.082387,0.033684
goe587,0.05804,0.030046
goe590,0.057375,0.040545
goe591,0.111995,0.050604
goe592,0.143011,0.074717
goe593,0.119037,0.040424
goe595,0.095739,0.030259
goe596,0.0975,0.04043
goe598,0.0657,0.009766
goe599,0.100085,0.015428
goe600,0.131318,0.018841
goe601,0.161355,0.02478
goe602,0.099474,0.034857
goe602m,0.096425,0.038083
goe604,0.179349,0.05384
goe610b,0.078244,0.053027
goe610bm,0.077045,0.055303
goe611,0.12992,0.058584
goe612,0.151068,0.050635
goe613,0.103,0.041251
goe614,0.187958,0.062091
goe615,0.136878,0.055979
goe617,0.138979,0.02198
goe619,0.138773,0.046003
goe620,0.175113,0.059397
goe621,0.151068,0.05064
goe622,0.080037,0.024252
goe623,0.120016,0.038421
goe624,0.159976,0.052226
goe625,0.200021,0.061477
goe626,0.167304,0.050887
goe627,0.157543,0.040574
goe628,0.16909,0.056456
goe629,0.136502,0.027957
goe63,0.082848,0.067125
goe630,0.12614,0.07664
goe632,0.140177,0.039684
goe633,0.138742,0.040022
goe645,0.156065,0.048191
goe646,0.184225,0.044758
goe647,0.164499,0.053273
goe648,0.152738,0.03902
goe650,0.13563,0.044448
goe652,0.170754,0.092849
goe654,0.145502,0.052358
goe655,0.140552,0.043914
goe670,0.090104,0.03401
goe673,0.108545,0.027717
goe675,0.149584,0.058831
goe676,0.119542,0.020134
goe677,0.119943,0.022445
goe679,0.183759,0.045377
goe681,0.169244,0.043512
goe682,0.106714,0.043308
goe683,0.198985,0.02971
goe685,0.132234,0.042422
goe692,0.161368,0.050293
goe693,0.120072,0.036307
goe701,0.124665,0.048773
goe702,0.169158,0.051212
goe703,0.195232,0.023335
goe704,0.129496,0.021541
goe711,0.148618,0.063228
goe723,0.116031,0.045236
goe735,0.201759,0.043748
goe738,0.15444,0.021398
goe741,0.153704,0.048368
goe744,0.145679,0.070277
goe746,0.098023,0.050516
goe758,0.138498,0.046889
goe766,0.120144,0.014841
goe767,0.119999,0.014911
goe769,0.1382,0.04806
goe770,0.209957,0.038062
goe775,0.209994,0.000222
goe776,0.249999,0.000218
goe777,0.22002,0.052115
goe780,0.120014,0.010362
goe79,0.062122,0.060165
goe795,0.080096,0.024521
goe795sm,0.080299,0.024412
goe796,0.120064,0.036189
goe797,0.160068,0.048977
goe798,0.200098,0.060697
goe801,0.098586,0.06133
goe802,0.098586,0.06133
goe802a,0.098259,0.061318
goe802b,0.098411,0.061294
goe803h,0.063012,0.06625
goe804,0.060617,0.06255
goe81,0.074319,0.063656
goe92,0.088942,0.055484
gs1,0.14,0.041875
gu255118,0.200042,0.071387
h105,0.200042,0.071387
hh02,0.095726,0.020279
hn1038,0.095726,0.020279
hobie,0.085182,0.038893
hobiesm,0.085755,0.038285
hq010,0.100006,0.000148
hq07,0.069994,0.000137
hq09,0.081136,0.000142
hq1010,0.09962,0.010043
hq1012,0.119609,0.010054
hq108,0.079733,0.010024
hq109,0.089814,0.010043
hq1510,0.099656,0.015018
hq1511,0.11002,0.014893
hq1512,0.119601,0.015032
hq158,0.079705,0.014951
hq1585,0.085713,0.01501
hq159,0.089686,0.015014
hq159b,0.08978,0.01497
hq2010,0.099707,0.020015
hq2012,0.119726,0.019972
hq208,0.079754,0.019955
hq209,0.089732,0.019961
hq2090sm,0.089732,0.019353
hq2195,0.095024,0.020944
hq2510,0.09966,0.024996
hq2511,0.110021,0.024762
hq2512,0.119633,0.025003
hq258,0.079679,0.024994
hq259,0.089665,0.024999
hq2590sm,0.090419,0.024536
hq259b,0.090417,0.025224
hq300gd2,0.165905,0.038913
hq3010,0.09985,0.029899
hq3011,0.10985,0.029938
hq3012,0.119796,0.029892
hq3013,0.129844,0.030066
hq3014,0.139833,0.029889
hq3015,0.149827,0.029887
hq308,0.079781,0.029914
hq309,0.089789,0.02991
hq3510,0.099648,0.034958
hq3512,0.119601,0.034956
hq3513,0.130033,0.034964
hq3514,0.140031,0.034968
hq3518,0.179994,0.034979
hq358,0.079693,0.034949
hq359,0.089697,0.034945
hsnlf213,0.132553,0.013512
iaw558,0.132553,0.013512
j5012,0.120034,1e-06
jn153,0.17577,0.083798
joukowsk,0.117998,8.4e-05
k1,0.115981,0.01916
k2,0.102955,0.012835
k3,0.173268,0.026249
k3311,0.110122,0.031845
k3311sm,0.110338,0.032303
kc135a,0.154965,0.012822
kc135b,0.129911,0.013606
kc135c,0.105947,0.015179
kc135d,0.089942,0.01904
kenmar,0.27924,0.076886
l188root,0.139979,0.020049
l188tip,0.119992,0.026707
l7769,0.110171,0.044424
la203a,0.1573,0.055268
ld79,0.052866,0.041046
lg10sc,0.09999,0.014827
lnv109a,0.129817,0.059858
lrn1007,0.07278,0.058668
ls013,0.12866,0.000188
ls413mod,0.130203,0.022142
ls417mod,0.170044,0.021411
ls421,0.209077,0.023811
ls421mod,0.209572,0.022734
m1,0.061852,0.000161
m10,0.062217,0.019337
m11,0.081827,0.018969
m12,0.119812,0.020113
m13,0.062427,0.038811
m14,0.081164,0.039528
m15,0.120488,0.038722
m16,0.061929,0.041281
m17,0.081494,0.04138
m18,0.120554,0.041397
m19,0.061859,0.060645
m2,0.081186,0.000184
m20,0.081894,0.060974
m21,0.120176,0.060767
m22,0.062767,0.063217
m23,0.081965,0.064016
m24,0.119997,0.06361
m25,0.063032,0.082552
m26,0.08339,0.08309
m27,0.120157,0.083912
m3,0.119432,0.000211
m4,0.063098,0.022149
m5,0.082591,0.02079
m6,0.120778,0.022345
m665,0.078521,0.014731
m685,2.170567,0.283787
m7,0.062318,0.049096
m8,0.117449,0.081318
m9,0.104685,0.072603
ma409,0.067961,0.033271
ma409sm,0.066966,0.033271
marsden,0.279169,0.075659
marske1,0.140014,0.030304
marske2,0.120676,0.026694
marske3,0.120701,0.027295
marske4,0.102098,0.028024
marske5,0.122475,0.033605
marske7,0.120517,0.028208
mb253515sm,0.149572,0.024054
mh18,0.111421,0.028017
mh20,0.090216,0.020113
mh22,0.072133,0.017927
mh24,0.090115,0.012385
mh30,0.078396,0.017146
mh32,0.08714,0.023899
mh42,0.089383,0.018737
mh43,0.085045,0.017586
mh45,0.098459,0.016464
mh60,0.10082,0.017777
mh61,0.102811,0.014395
mh62,0.093057,0.015962
miley,0.128658,0.051997
ms317,0.170079,0.016531
ms413,0.131388,0.017677
n0011sc,0.109572,4.6e-05
naca0009sm,0.090218,0.0
naca0012,0.120034,2.8e-05
naca11h9,0.090132,0.044825
naca1h15,0.148529,0.055362
naca23012,0.120031,0.01468
naca2411,0.110073,0.024131
naca2414,0.140092,0.018815
naca2415,0.150079,0.018612
naca25411,0.110032,0.025006
naca2h15,0.148527,0.045394
naca5h10,0.099038,0.022659
naca5h15,0.15459,0.029913
naca5h20,0.19919,0.044574
naca63010a,0.099953,0.000166
naca63012a,0.119954,0.000168
naca63015a,0.14995,0.000168
naca63210,0.099977,0.011212
naca63212,0.119991,0.011041
naca63215,0.150004,0.010873
naca63215b,0.150463,0.014369
naca63412,0.120027,0.021783
naca63415,0.150059,0.021483
naca64008a,0.080008,0.00016
naca64012,0.120003,0.000168
naca64012a,0.12001,0.000169
naca64015,0.150079,0.000167
naca64015a,0.150008,0.00017
naca6409,0.090295,0.058631
naca64108,0.079991,0.005564
naca64110,0.100009,0.005548
naca6412,0.120423,0.057183
naca64212,0.119977,0.010962
naca64212ma,0.119941,0.022828
naca64212mb,0.120467,0.013834
naca64215,0.150093,0.010847
naca64a010,0.099982,1e-06
naca66-018,0.179958,-2e-06
naca66021,0.210015,7.5e-05
naca6h10,0.100178,0.046111
naca6h15,0.155746,0.045409
naca6h20,0.199615,0.061386
naca8h12,0.119964,0.033238
nasasc2-0714,0.139414,0.025399
ncambre,0.115201,0.013931
nl722343,0.086116,0.01337
nl722362,0.086136,0.012104
nlf0115,0.149888,0.018097
nlf0215f,0.149906,0.039789
nlf1015,0.149993,0.04699
nlf414f,0.141813,0.024015
nlf415,0.150174,0.029542
nlf416,0.159721,0.024819
nlr1t,0.087005,0.012725
nlr7301,0.165185,0.016849
npl9510,0.110863,0.016265
npl9615,0.113,0.008859
npl9626,0.120674,0.007337
npl9627,0.121675,0.009185
npl9660,0.113006,0.010387
nplx,0.106749,0.010897
oa206,0.060088,0.008437
oa209,0.090116,0.01562
oa212,0.120111,0.022898
oa213,0.125668,0.033213
oaf095,0.094877,0.039168
oaf102,0.101752,0.036346
oaf117,0.114624,0.020218
oaf128,0.12796,0.010447
oaf139,0.13673,-0.013132
p51droot,0.165528,0.012695
p51dtip,0.114472,0.0131
p51hroot,0.154994,0.01288
p51htip,0.119997,0.013138
pmc19sm,0.091944,0.021291
psu-90-125wl,0.12547,0.024069
pt40,0.11596,0.029267
r140,0.120034,0.004631
r140sm,0.120418,0.004379
rae2822,0.121102,0.012655
rae5212,0.119493,0.018338
rae5213,0.09964,0.014534
rae5214,0.096816,0.01444
rae5215,0.096549,0.015077
rae69ck,0.121102,0.012655
raf15,0.065089,0.02608
raf19,0.105897,0.102073
raf25,0.064854,0.010476
raf26,0.066229,0.021415
raf27,0.097741,0.000182
raf28,0.098295,0.019416
raf30,0.12659,0.000209
raf30md,0.076104,0.000164
raf31,0.127667,0.020891
raf32,0.126943,0.050112
raf32md,0.101661,0.039586
raf33,0.126619,0.047128
raf34,0.126581,0.020127
raf38,0.126748,0.025187
raf48,0.149645,0.029634
raf6,0.100027,0.046012
raf69,0.206461,0.017391
raf89,0.250036,0.016684
rc0864c,0.079995,0.007713
rc08b3,0.080042,0.011003
rc08n1,0.080191,0.015533
rc10b3,0.099779,0.016969
rc10n1,0.100121,0.014844
rc12b3,0.119995,0.022352
rc12n1,0.120253,0.013992
rc410,0.099826,0.021394
rc510,0.099662,0.022207
rc1064c,0.100006,0.010039
rc1264c,0.12001,0.014279
rcsc2,0.099803,0.005432
rg12,0.092734,0.01387
rg12a,0.089996,0.017163
rg12a189,0.09,0.017688
rg14,0.084735,0.016008
rg1410,0.099995,0.01584
rg149,0.089977,0.015839
rg1495,0.094986,0.01584
rg14a147,0.070009,0.013931
rg15,0.089273,0.017605
rg15a111,0.110015,0.017906
rg15a213,0.130023,0.024786
rg8,0.108051,0.02235
rs004a,0.089891,0.016107
s1010,0.06022,-0.0
s1012,0.120252,-0.0
s1014,0.165084,0.0
s1016,0.175026,1e-06
s1020,0.15105,0.050205
s1046,0.170222,-0.0
s1048,0.139992,-0.0
s1091,0.050615,0.061149
s1210,0.120109,0.072389
s1221,0.121451,0.04926
s1223,0.121383,0.086941
s1223rtl,0.135166,0.084739
s2027,0.145284,0.027414
s2046,0.090279,0.025865
s2048,0.086337,0.019331
s2050,0.089306,0.012875
s2055,0.079901,0.016694
s2060,0.080001,0.018322
s2062,0.079861,0.017537
s2091,0.101157,0.039258
s3,0.109996,0.018372
s3002,0.099475,0.030088
s3010,0.103346,0.02796
s3014,0.0946,0.025439
s3016,0.095215,0.020957
s3021,0.094707,0.029151
s3024,0.0985,0.035031
s3025,0.093881,0.035935
s4022,0.112708,0.04341
s4053,0.089303,0.029989
s4061,0.096307,0.039045
s4062,0.095464,0.041532
s4083,0.080078,0.034694
s4110,0.083832,0.031245
s4158,0.108589,0.037043
s4180,0.097877,0.043691
s4233,0.136565,0.03232
s4310,0.108606,0.04165
s4320,0.094132,0.044864
s5010,0.098276,0.022098
s5020,0.08404,0.025962
s6061,0.090131,0.017817
s6062,0.07949,0.01612
s6063,0.069697,0.014352
s7012,0.087564,0.020263
s7055,0.10501,0.035709
s7075,0.090032,0.030532
s8025,0.079827,0.004816
s8035,0.14004,0.0
s8036,0.160116,0.018925
s8037,0.160123,0.02653
s8052,0.118943,0.015968
s809,0.209928,0.009477
sa7035,0.092018,0.025636
sa7036,0.092032,0.027893
sa7038,0.092051,0.032652
saratov,0.092143,0.09793
sc1012r8,0.12004,0.027589
sc1094r8,0.094047,0.021406
sc1095,0.094965,0.007961
sc1095r8,0.093408,0.02134
sc20714,0.139665,0.025204
sc2110,0.099252,0.019861
sd2030,0.085622,0.022286
sd2083,0.089704,0.028148
sd5060,0.094622,0.022969
sd6060,0.103738,0.018718
sd6080,0.091888,0.037402
sd7003,0.085104,0.014791
sd7032,0.099693,0.036762
sd7034,0.105253,0.039054
sd7037,0.092148,0.029941
sd7043,0.091384,0.035238
sd7062,0.139989,0.039706
sd7080,0.091627,0.024526
sd7084,0.096287,0.022961
sd7090,0.099968,0.018726
sd8000,0.088741,0.017327
sd8020,0.101082,5e-06
sd8040,0.100077,0.026381
sg6040,0.16001,0.025162
sg6041,0.099999,0.020247
sg6042,0.100033,0.037844
sg6043,0.100129,0.055471
sokolov,0.071195,0.063573
spicasm,0.117353,0.046173
ssca07,0.070002,0.008834
ssca09,0.089997,0.011387
ste87151,0.139422,0.025478
ste87391,0.145707,0.041394
stf86361,0.146845,0.041553
strand,0.154664,0.041535
tempest1,0.145001,0.010016
tempest2,0.119993,0.009021
tempest3,0.1,0.010009
th25816,0.257507,0.040474
trainer60,0.183293,-0.00164
tsagi12,0.119498,0.01998
tsagi8,0.079967,0.013417
ua79sf18,0.187943,0.037593
ua79sff,0.086451,0.034758
ui1720,0.138237,0.046767
ultimate,0.128513,-0.00344
us1000,0.185662,-0.000532
usa22,0.09126,0.044979
usa25,0.08304,0.052591
usa26,0.099166,0.044125
usa27,0.112082,0.051495
usa27m2,0.134575,0.051063
usa28,0.132227,0.037743
usa29,0.132962,0.055763
usa31,0.149675,0.093799
usa32,0.14833,0.093213
usa33,0.142011,0.048643
usa34,0.180667,0.076649
usa35,0.182136,0.064254
usa35a,0.182055,0.064226
usa35b,0.116163,0.041307
usa40,0.134573,0.041918
usa40b,0.136364,0.040136
usa41,0.066203,0.044916
usa45,0.146365,0.041948
usa45m,0.117457,0.033572
usa46,0.065837,0.021834
usa48,0.149136,0.028831
usa49,0.072512,0.016702
usa5,0.064565,0.045737
usa50,0.070564,0.019563
usa51,0.093411,0.025686
usa98,0.144231,0.064003
usnps4,0.119441,0.050066
v13006,0.05978,0.009242
v13009,0.090008,0.013235
v23010,0.10188,0.01775
v43012,0.120488,0.036217
v43015,0.150261,0.029898
vr1,0.109866,0.015239
vr11x,0.109879,0.023489
vr12,0.105645,0.02262
vr13,0.094502,0.02021
vr14,0.079584,0.016988
vr15,0.079546,0.012802
vr5,0.120037,0.03292
vr7,0.120281,0.030957
vr7b,0.1203,0.030179
vr8,0.08153,0.012765
vr8b,0.081531,0.012458
vr9,0.06068,0.003382
waspsm,0.093569,0.03006
wb13535sm,0.135572,0.036844
wb140,0.139556,0.036473
whitcomb,0.109605,0.023795
kc135a,49.162766,-26.075096
kc135b,57.917347,-30.167543
kc135c,34.301144,-18.065144
kc135d,2.315093,0.306313
kc135winglet,0.079609,0.026348
kenmar,12.408505,-6.620752
l1003,17.518875,-9.711101
l188root,11.062393,1.099896
l188tip,72.474892,30.843508
l7769,54.56588,-27.951775
la203a,11.678856,1.149701
la2573a,0.136991,0.031962
la5055,4.673697,-0.886357
lds2,53.903152,-30.119734
lg10sc,20.670691,5.189373
lnv109a,0.12987,0.059816
lrn1007,0.12987,0.059816
lrn1015,0.151885,0.04573
ls013,20.535582,8.068996
ls413,10.836041,1.084479
ls413mod,10.884748,1.086462
ls417,8.982933,0.929249
ls417mod,12.115473,1.181805
ls421,9.306047,0.954298
ls421mod,11.210749,1.110787
lwk79100,0.09994,-0.0
lwk80080,0.08062,0.0
lwk80100,0.10062,-2.5e-05
lwk80120k25,0.12062,-0.0
lwk80150k25,0.15042,-0.0
m1,1.877767,0.917799
m10,0.370586,0.749595
m11,17.360834,8.654902
m12,5.44915,2.106135
m13,4.782917,2.368062
m14,6.06532,3.008125
m15,8.721347,3.792853
m16,8.309676,-4.174108
m17,11.557796,5.757209
m18,14.800449,6.867028
m19,10.836239,5.395595
m2,0.907033,0.740126
m20,12.016101,5.788817
m21,15.211312,7.000793
m22,13.257453,6.610659
m23,14.485169,7.100734
m24,16.403465,7.571175
m25,14.294112,7.087203
m26,13.877786,6.748464
m27,15.762894,7.212009
m3,4.874343,2.412827
m4,12.082208,6.022434
m5,1.233525,0.739049
m6,13.488088,6.195684
m665,0.078065,0.014728
m685,0.102086,0.019397
m7,11.390702,5.057988
ma409,0.067954,0.033131
ma409sm,0.06694,0.033271
marsden,0.279243,0.076763
marske1,5.716268,1.603144
marske2,3.467867,0.421079
marske3,4.569196,1.017969
marske4,5.960294,1.62503
marske5,7.50198,2.255643
marske7,7.409268,0.802886
mb253515sm,0.14958,0.024054
mh102,0.169985,0.030071
mh104,0.152654,0.019979
mh106,0.130668,0.010068
mh108,0.119669,0.011228
mh110,0.100118,0.011397
mh112,0.101518,-0.179992
mh113,0.146689,0.068662
mh114,0.130585,0.065783
mh115,0.110817,0.055756
mh116,0.098512,0.040795
mh117,0.098045,0.027346
mh120,0.115696,0.025708
mh121,0.087559,0.030274
mh122,0.093227,0.035084
mh150,0.23949,0.053743
mh18,0.111447,0.028193
mh20,0.090064,0.020389
mh200,0.129606,0.021105
mh201,0.130801,0.026002
mh22,0.07198,0.01807
mh23,0.079912,0.012814
mh24,0.090038,0.013161
mh25,0.099834,0.014687
mh26,0.109903,0.015184
mh27,0.119919,0.015078
mh30,0.078449,0.017505
mh32,0.086976,0.024003
mh33,0.07275,0.010966
mh38,0.096923,0.03917
mh42,0.089405,0.018951
mh43,0.084984,0.017792
mh44,0.096598,0.015412
mh45,0.098526,0.017077
mh46,0.113488,0.018538
mh60,0.100851,0.018222
mh61,0.10235,0.015159
mh62,0.092978,0.016471
mh64,0.085937,0.014905
mh70,0.11077,0.030847
mh78,0.144704,0.026791
mh80,0.127049,0.030022
mh81,0.129973,0.035164
mh82,0.133082,0.040199
mh83,0.133082,0.05096
mh84,0.137258,0.047553
mh91,0.149863,0.016797
mh92,0.154895,0.016808
mh93,0.159894,0.016672
mh94,0.160301,0.013609
mh95,0.15856,0.014399
miley,0.128637,0.052003
mrc-16,0.139047,0.031356
mrc-20,0.155882,0.0294
ms313,9.474081,-4.916553
ms317,10.672103,1.069375
mue139,0.138951,0.047242
n0009sm,0.09018,-0.0
n0011sc,49.45697,20.520681
n0012,16.923059,1.575562
n10,0.11225,0.035201
n11,0.109473,0.042642
n11h9,18.713844,7.438279
n12,0.1046,0.001587
n13,0.118,0.001085
n14,0.1148,0.000736
n1h15,19.145704,8.520942
n22,0.123805,0.038699
n24,0.17045,0.051674
n2414,0.140092,0.018767
n2415,0.150101,0.018575
n2h15,31.10074,14.994371
n5h10,13.966359,6.958065
n5h15,19.785633,-9.936876
n5h20,3.368999,0.4106
n63010a,49.857533,-26.418924
n63012a,29.027544,-16.378859
n63015a,30.777607,-17.628408
n63210,4.022642,0.475806
n63212,5.088623,0.583344
n63215,5.63326,-2.631209
n63215b,42.614075,13.350122
n63412,5.809752,0.651533
n63415,6.329546,0.696815
n64008a,31.016712,-15.530828
n64012,4.30818,-1.871268
n64012a,31.79262,-17.735638
n64015,4.932749,0.56732
n64015a,31.607035,-18.023361
n6409,0.090299,0.058583
n64108,5.576116,-2.045893
n64110,4.081686,0.486626
n64212,5.128986,0.58802
n64212ma,7.37932,0.780457
n64212mb,6.069618,0.671707
n64215,5.707728,-2.674952
n642415,0.14974,0.020712
n66021,5.66546,0.637217
n6h10,10.26144,4.45388
n6h15,24.985106,-13.498036
n6h20,3.354672,0.407393
n8h12,16.505304,6.178901
n9,0.084618,0.0262
naca0006,0.06002,0.0
naca0008,0.08002,0.0
naca000834,0.08,0.0
naca0010,0.10004,0.0
naca001034,0.1,0.0
naca001034a08cli0.2,0.1,0.0
naca001035,0.1,0.0
naca001064,0.1,0.0
naca001065,0.1,0.0
naca001066,0.1,-0.0
naca001234,0.12,-0.0
naca001264,0.12,0.0
naca001264a08cli0.2,0.12,0.0
naca0015,0.15004,-0.0
naca0018,0.18006,-0.0
naca0021,0.21008,0.0
naca0024,0.24008,-0.0
naca1,14.252256,-6.068699
naca1408,0.080033,0.009842
naca1410,0.100056,0.009534
naca1412,0.120059,0.009626
naca16006,0.06,0.0
naca16009,0.09,0.0
naca16012,0.12,0.0
naca16015,0.15,-0.0
naca16018,0.18,0.0
naca16021,0.21,-0.0
naca23012,0.12005,0.014608
naca23015,0.12005,0.014608
naca23018,0.180175,0.011447
naca23021,0.21007,0.00997
naca23024,0.240061,0.004559
naca2408,0.08005,0.019676
naca2410,0.100064,0.019496
naca2411,0.11008,0.024103
naca2412,0.120004,0.019207
naca2415,0.150008,0.018777
naca2418,0.180013,0.018233
naca2421,0.210022,0.017507
naca2424,0.240154,0.016252
naca4412,0.120216,0.038372
naca4415,0.149946,0.039618
naca4418,0.18026,0.036425
naca4421,0.210383,0.03514
naca4424,0.240461,0.033108
naca63206,0.060008,0.0116
naca63209,0.090009,0.010787
naca632615,0.150101,0.031146
naca632a015,0.149869,0.016262
naca633018,0.18014,-0.0
naca633218,0.180042,0.010161
naca633418,0.179995,0.020317
naca633618,0.180137,0.030517
naca634221,0.210032,0.009928
naca634421,0.210109,0.019865
naca63a210,0.099949,0.012975
naca641112,0.119629,0.00531
naca6412,0.120425,0.057099
naca64206,0.059905,0.010926
naca64208,0.079849,0.010846
naca64209,0.089811,0.010801
naca64210,0.099774,0.010738
naca642215,0.149685,0.010362
naca642415,0.14974,0.020711
naca643218,0.179639,0.010076
naca643418,0.179695,0.020177
naca643618,0.179787,0.030341
naca644221,0.209673,0.009755
naca644421,0.20977,0.01956
naca64a010,0.20977,0.01956
naca64a210,0.099915,0.012985
naca64a410,0.099928,0.025965
naca651212,0.119949,0.010653
naca651212a06,0.119953,0.014252
naca651412,0.119969,0.021296
naca65206,0.059964,0.010933
naca65209,0.089926,0.01082
naca65210,0.099927,0.010773
naca652215,0.149971,0.010458
naca652415,0.149977,0.020896
naca652415a05,0.149991,0.028234
naca653218,0.179993,0.010208
naca653618,0.180029,0.030663
naca65410,0.099943,0.021545
naca654221,0.209992,0.00996
naca654421,0.210003,0.019951
naca654421a05,0.209998,0.026703
naca66-018,0.17996,-3e-06
naca661212,0.120002,0.010664
naca66206,0.060001,0.010938
naca66209,0.089982,0.010825
naca66210,0.100002,0.010781
naca662215,0.149903,0.010442
naca662415,0.149911,0.020882
naca663218,0.179965,0.010159
naca663418,0.179976,0.020328
naca664221,0.210008,0.009815
naca671215,0.149941,0.010375
naca747a315,0.14995,0.022897
naca747a415,0.149941,0.027659
nacacyh,0.117018,0.027664
nacam12,0.119303,0.019229
nacam18,0.119598,0.040303
nacam2,0.0806,-0.0
nacam3,0.119,-0.0
nacam6,0.120104,0.021137
nasasc2-0714,0.139412,0.025378
ncambre,7.319405,0.804465
nl722343,17.628891,-9.801349
nl722362,19.844486,1.793594
nlf0115,0.149727,0.018091
nlf0215f,6.893952,0.743329
nlf1015,0.14999,0.046965
nlf414f,11.036707,1.078997
nlf415,18.097965,1.658179
nlf416,7.734788,0.813987
nlr1t,25.012722,9.817224
nlr7301,10.096612,1.01346
nn7mk20,0.168571,0.030252
npl9510,16.71204,1.482125
npl9615,85.76268,35.716591
npl9626,49.743626,19.576731
npl9627,27.670115,8.58501
npl9660,92.445976,38.570675
nplx,7.30085,0.784036
oa206,14.184477,1.353857
oa209,14.706598,1.391331
oa212,14.983857,1.411269
oa213,13.687108,-7.404364
oaf095,12.131924,1.190351
oaf102,11.908362,1.174074
oaf117,12.666078,1.229721
oaf128,12.446884,1.212712
oaf139,12.767599,1.237435
p51droot,3.863824,-1.589846
p51dtip,50.946537,-25.910049
p51hroot,12.453426,1.217183
p51htip,11.507198,1.14642
pfcm,17.289536,-9.944571
pmc19sm,0.09194,0.02129
psu-90-125wl,0.125455,0.024063
psu94097,0.097026,0.040262
pt40,0.115947,0.029264
r1046,15.39807,1.447774
r1080,15.518294,1.457961
r1082,15.514852,1.45819
r1082t,15.370537,1.446601
r140,0.12,0.004671
r140sm,0.12041,0.004368
rae100,21.435528,1.955451
rae101,18.501003,-10.324366
rae102,359.650909,169.63884
rae103,33.580109,-26.859241
rae104,19.913965,1.838754
rae2822,459.397247,-237.680603
rae5212,1749.904297,869.770874
rae5213,43.790951,16.601536
rae5214,43.790951,16.601536
rae5215,43.790913,16.601517
rae69ck,459.397247,-237.680603
raf15,16.575693,7.840999
raf19,12.506323,5.575036
raf25,9.423982,4.685137
raf26,12.159667,6.049821
raf27,11.853976,5.900661
raf28,4.635623,2.288955
raf30,11.404261,5.675116
raf30md,2.935169,-1.484246
raf31,10.457731,4.884529
raf32,1.067614,0.752425
raf32md,1.438138,0.218539
raf33,18.743118,8.702289
raf34,15.284975,7.115764
raf38,0.946438,0.746291
raf48,16.068409,7.068521
raf6,19.207823,-9.681948
raf69,4.258586,-2.397312
raf89,2.162869,-1.216359
rc0864c,18.297096,3.239206
rc08b3,23.376703,9.323763
rc08n1,48.107147,19.718105
rc1064c,22.346437,8.341173
rc10b3,36.264572,15.093331
rc10n1,48.67527,19.374874
rc1264c,19.977894,7.361783
rc12b3,42.104233,18.230742
rc12n1,50.907543,21.585346
rc410,47.150932,19.547964
rc510,47.251324,19.850277
rcsc2,19.554178,5.94811
rg12,0.092659,0.013855
rg12a,0.089881,0.017169
rg12a189,7.547247,0.813868
rg14,5.37936,-2.511519
rg1410,4.967248,0.569954
rg149,4.61726,0.536005
rg1495,4.800062,0.553737
rg14a147,5.695581,-2.690446
rg15,0.089237,0.017628
rg15a111,6.258302,0.691924
rg15a213,7.224171,-3.565015
rg8,4.938132,-2.263174
rhodesg30,0.097436,0.030644
rhodesg32,0.119064,0.037882
rhodesg34,0.140805,0.04479
rhodesg36,0.162463,0.0516
s1010,0.06022,-0.0
s1012,0.12022,0.0
s1014,0.16508,0.0
s1016,0.17484,0.0
s1020,0.151061,0.0502
s102b,7.770782,0.824185
s102s,7.770782,0.824185
s1046,0.1699,0.0
s1048,0.1397,0.0
s1091,0.050608,0.061165
s1210,0.12009,0.07237
s1221,0.1213,0.049235
s1223,0.121406,0.086924
s1223rtl,0.135132,0.08475
s2027,0.14503,0.027402
s2046,0.090286,0.025862
s2048,0.086298,0.019324
s2050,0.089309,0.012885
s2055,0.0799,0.016721
s2060,0.079988,0.01833
s2062,0.079856,0.017555
s2091,0.101116,0.039249
s3,1.774463,-0.388363
s3002,0.099474,0.03008
s3010,0.103192,0.027942
s3014,0.09461,0.025427
s3016,0.095216,0.020942
s3021,0.094705,0.029137
s3024,0.098494,0.034979
s3025,0.093858,0.035925
s4022,0.112711,0.043428
s4053,0.089216,0.029926
s4061,0.096294,0.039038
s4062,0.095458,0.04148
s4083,0.080049,0.034675
s4094,0.099061,0.024537
s4095,0.096998,0.024652
s4096,0.124762,0.022059
s4110,0.083818,0.031219
s4158,0.1086,0.037045
s4180,0.09784,0.043669
s4233,0.136565,0.032308
s4310,0.108602,0.041648
s4320,0.094136,0.044854
s5010,0.098277,0.0221
s5020,0.084043,0.025966
s6061,0.09012,0.017823
s6062,0.079478,0.016113
s6063,0.069686,0.014349
s7012,0.087521,0.020226
s7055,0.105009,0.035717
s7075,0.089991,0.03053
s8025,0.079823,0.004868
s8035,0.14004,-0.0
s8036,0.160057,0.018926
s8037,0.160061,0.026525
s8038,0.130064,0.009247
s8052,0.118948,0.015963
s8055,0.120016,0.020773
s8064,0.12338,0.011896
s8065,0.110001,0.011875
s8066,0.099999,0.009479
s9000,0.090079,0.023706
s9026,0.095,-0.0
s9027,0.08,0.0
s9032,0.09,0.0
s9033,0.07498,0.0
s9037,0.089998,0.035065
sa7024,0.070069,0.03266
sa7025,0.080068,0.036071
sa7026,0.090035,0.038486
sa7035,0.091992,0.025788
sa7036,0.092021,0.028182
sa7038,0.092048,0.03265
saratov,25.925932,-13.322815
sc1012r8,19.527143,1.781803
sc1094r8,53.796848,-36.629761
sc1095,17.772936,1.747156
sc1095r8,19.830803,1.798651
sc20010,158.423431,-91.792023
sc20012,168.252762,-97.176903
sc20403,4.803523,-1.080151
sc20404,10.38368,-4.807929
sc20406,20.090309,1.873199
sc20410,25.159349,2.269558
sc20412,26.129671,2.342179
sc20414,26.730469,2.385491
sc20503,4.775302,0.555625
sc20518,27.581142,2.44903
sc20606,19.591616,1.83052
sc20610,25.155807,2.270674
sc20612,26.125893,2.343296
sc20614,26.726902,2.38664
sc20706,19.598906,1.831779
sc20710,25.148363,2.270747
sc20712,23.110224,-13.058184
sc20714,23.110224,-13.058184
sc21006,19.027258,1.788549
sc21010,25.171268,2.277283
sc2110,7.339073,0.807698
sd2030,0.085624,0.022298
sd2083,0.089615,0.028149
sd5060,0.094592,0.022977
sd6060,0.103719,0.018709
sd6080,0.091878,0.037353
sd7003,0.085111,0.014793
sd7032,0.099693,0.036736
sd7034,0.105248,0.039046
sd7037,0.092124,0.029901
sd7043,0.091385,0.035219
sd7062,0.139994,0.039706
sd7080,0.091558,0.024513
sd7084,0.096292,0.022962
sd7090,0.099904,0.018718
sd8000,0.08863,0.017316
sd8020,0.10102,5e-06
sd8040,0.100007,0.026374
sg6040,0.160016,0.025156
sg6041,0.099955,0.02024
sg6042,0.100018,0.037841
sg6043,0.10015,0.055469
sg6050,0.160187,0.032502
sg6051,0.12012,0.032382
sm701,0.159989,0.033197
sokolov,3.060964,-1.642703
spicasm,0.117208,0.046158
ssca07,10785.292969,5384.081543
ssca09,37.227188,9.845008
stcyr171,0.1108,0.015009
stcyr172,0.1356,-0.0
stcyr234,0.161071,0.04873
stcyr24,0.123676,0.055728
ste87151,4.735353,0.541289
ste87391,6.205707,0.678974
stf86361,7.558362,0.804786
strand,3.711903,-1.494573
supermarine371i,0.13,0.009198
supermarine371ii,0.0836,0.009219
tempest1,100.33004,-58.258884
tempest2,21.122293,-18.809258
tempest3,59.156357,-37.559536
th25816,7.10613,0.760443
trainer60,0.183085,-0.001537
tsagi12,18.695444,9.133703
tsagi8,15.061913,7.50544
tsagi_r3a,0.120896,0.031677
ua2-180,0.181252,0.069695
ua2-180sm,0.181696,0.069832
ua79sf18,5.518522,0.620857
ua79sff,4.641777,0.449393
ua79sfm,44.479885,19.596544
uag8814320,0.143066,0.060833
ui1720,46.154629,16.976105
ultimate,0.128472,-0.003441
us1000root,0.185668,-0.000394
usa22,5.868084,2.739401
usa25,1.418121,0.214807
usa26,1.536171,0.226997
usa27,9.700213,4.427286
usa27m2,12.283172,5.562166
usa28,15.216668,7.344703
usa29,17.12668,8.21993
usa31,13.170108,5.428727
usa32,12.267761,4.87066
usa33,10.772923,4.142472
usa34,15.492832,6.204341
usa35,3.664953,-1.443742
usa35a,3.664953,-1.443746
usa35b,2.613967,0.338875
usa40,4.222512,-3.191516
usa40b,7.657595,2.733853
usa41,10.509054,5.225079
usa45,2.372072,0.310656
usa45m,1.750465,-0.371469
usa46,7.676005,3.810523
usa48,2.295046,-0.680797
usa49,1.888205,0.919237
usa5,15.981508,7.961599
usa50,11.757598,5.849106
usa51,8.266623,4.104592
usa98,10.506992,-5.574821
usnps4,0.119418,0.050022
v13006,4.106327,-2.255895
v13009,8.084794,2.846104
v23010,8.362434,-5.874938
v43012,33.524456,12.568185
v43015,9.798146,2.533037
vr1,5.402414,0.61418
vr11x,59.929688,26.026108
vr12,11.129536,1.089049
vr13,11.107628,1.088145
vr14,11.001929,1.079411
vr15,10.993023,1.080105
vr5,13.557528,3.464829
vr7,8.740087,-4.485274
vr7b,8.515605,-4.350931
vr8,4.067217,0.482091
vr8b,3.935829,-1.655395
vr9,213.902802,-106.255165
w1011,0.110006,-1e-06
w1015,0.149952,1e-06
waspsm,0.093539,0.030037
wb13535sm,0.135512,0.036832
wb140,0.139258,0.036404
whitcomb,7.320467,-3.656541
ys900,0.09006,0.0
ys915,0.090952,0.01757
ys930,0.090909,0.0303
2032c,1.705497,-0.34622
a18,0.073519,0.038406
a18sm,0.07283,0.038395
a63a108c,3966.031494,-1989.92981
ag03,0.062376,0.020084
ag04,0.064235,0.017523
ag08,0.058303,0.018027
ag09,0.048634,0.018586
ag10,0.047272,0.016582
ag11,0.058123,0.022861
ag12,0.062365,0.018488
ag13,0.058349,0.019747
ag14,0.053707,0.021039
ag16,0.071145,0.018848
ag17,0.064885,0.02028
ag18,0.058674,0.021732
ag19,0.054026,0.022814
ag24,0.084142,0.022298
ag25,0.075826,0.024146
ag26,0.068449,0.025625
ag27,0.061142,0.027109
ag35,0.087258,0.023786
ag36,0.081783,0.022435
ag37,0.077419,0.021839
ag38,0.070406,0.020653
ag44ct02r,0.072902,0.019424
ag455ct02r,0.064743,0.018347
ag45c03,0.069266,0.020291
ag45ct02r,0.068961,0.01853
ag46c03,0.060236,0.017079
ag46ct02r,0.060839,0.016942
ag47c03,0.050591,0.013491
ag47ct02r,0.049922,0.0131
ah21-7,0.089785,0.022187
ah21-9,0.070011,0.01734
ah63k127,0.12707,0.037549
ah6407,1.580795,-0.271704
ah7476,1.568971,0.231391
ah79100a,11.467224,1.138288
ah79100b,35.623795,11.914518
ah79100c,39.885414,13.856821
ah79k132,0.132,0.036798
ah79k135,0.13487,0.030492
ah79k143,0.14274,0.028628
ah80129,0.12865,0.040565
ah80136,0.13549,0.033749
ah80140,0.139632,0.043125
ah81131,0.130521,0.027763
ah81k144,0.144631,0.042118
ah81k144wfKlappe,0.220242,0.010341
ah82150a,0.14999,0.032808
ah82150f,0.14997,0.036345
ah83150q,0.15003,0.041169
ah83159,0.159421,0.038322
ah85l120,0.1211,0.0
ah88k130,0.130002,0.03905
ah88k136,0.135463,0.03037
ah93156,0.156656,0.038192
ah93157,0.156872,0.038129
ah93k130,0.130534,0.03582
ah93k131,0.130961,0.03596
ah93k132,0.132281,0.035035
ah93w145,0.144833,0.03897
ah93w174,0.17427,0.039291
ah93w215,0.212204,0.030872
ah93w257,0.25679,0.020653
ah93w300,0.299887,0.016038
ah93w480b,0.478445,0.03574
ah94145,0.145738,0.056166
ah94156,0.156099,0.036764
ah94w301,0.301037,-0.013305
ah95160,0.160011,0.056164
ames01,10.334915,1.033057
ames02,50.825367,18.492096
ames03,12.103571,1.183025
amsoil1,8.676957,-4.430841
amsoil2,8.441721,-4.298392
apex16,0.129513,0.026644
aquilasm,0.093851,0.039865
arad10,5.675256,-2.639902
arad13,5.88396,0.646313
arad20,6.089254,0.66263
arad6,4.969111,0.565956
as5045,0.150004,0.010575
as5046,0.160023,0.011389
as5048,0.179915,0.012472
atr72sm,0.145272,0.02855
august160,0.160383,0.050935
avistar,0.145217,0.022845
b29root,15.09548,6.192209
b29tip,14.261446,7.109138
b540ols,9.190562,-4.774342
b707a,16.689075,1.547307
b707b,3.735523,0.751286
b707c,4.904833,-2.190103
b707d,1.510952,-0.238231
b707e,84.71064,-48.838528
b737a,5.228643,-2.382799
b737b,5.02443,-2.253518
b737c,4.355192,-1.880212
b737d,4.379025,-1.894877
bacj,276.99057,132.118301
bacnlf,15.642677,1.491017
bacxxx,202.027237,-104.735321
bambino6,0.120016,0.028513
be50,0.072797,0.040096
be50sm,0.07316,0.039526
boe103,2.66607,-0.90254
boe106,3.426116,0.816526
bqm34,10.17421,1.0334
bw050209,0.09197,0.020048
bw3,0.050217,0.056506
c141a,7.626899,-3.808361
c141b,7.522924,0.8139
c141c,124.682892,-65.763199
c141d,7.332377,-3.638998
c141e,53.172817,-30.362961
c141f,7.866492,0.843368
c5a,5.016824,-2.289273
c5b,4.972399,-2.263945
c5c,4.759231,-2.139424
c5d,5.440918,0.613826
c5e,6.369667,-3.072178
cap21c,0.155704,0.005829
cast102,6.530834,-3.151018
ch10sm,0.128374,0.101937
chen,107.798164,48.484756
clarkk,19.808107,-9.925386
clarkv,29.918684,-15.421703
clarkw,5.649682,-3.549615
clarkx,23.574104,-12.180903
clarky,59.357635,-36.444504
clarkyh,15.316634,7.631973
clarkys,12.931473,6.072681
clarkysm,0.117242,0.035235
clarkz,25.153469,-13.312416
clarym15,2.585618,-0.841118
clarym18,2.941242,-1.94365
coanda1,0.056503,0.028931
coanda2,0.060006,0.028865
coanda3,0.070011,0.028654
cootie,1.508973,-0.227989
cr001sm,0.07333,0.040584
cr1,2931.993896,1458.811401
curtisc72,0.117413,0.037004
dae11,10.011696,1.00657
dae21,381.246429,-195.271393
dae31,1737.466431,-874.116211
dae51,15.446362,4.549829
davis,1.516248,-0.239258
davissm,0.05874,0.059076
davis_corrected,45.668835,14.221508
daytonwright6,0.136106,0.048477
daytonwrightt1,0.133974,0.043594
dbln526,316.789154,156.284622
defcnd1,8.665817,-4.424254
defcnd2,7.204579,0.784651
defcnd3,10.550836,1.057102
df101,6.698613,0.729319
df102,0.110025,0.022877
dfvlrr4,50.810616,15.05846
dga1138,0.069028,0.025602
dga1182,0.076001,0.00828
dh4009sm,0.08945,0.001901
doa5,38.754608,15.69306
dormoy,0.089993,0.028428
drgnfly,87.207512,33.553997
dsma523a,15.77177,1.476867
dsma523b,15.760745,1.477321
du84132v,29.794664,9.260436
du8608418,0.084544,0.011212
du861372,5.326478,0.574847
e1098,6.737791,0.728925
e1200,7.254637,0.774089
e1210,7.534569,0.795863
e1211,6.696886,0.726035
e1212,8.225443,0.847806
e1212mod,4.859271,-2.177962
e1213,6.008775,0.666127
e1214,5.949861,0.661816
e1230,60.430298,23.587368
e1233,13.683631,1.291135
e168,0.12442,0.0
e169,0.14404,0.0
e171,0.12254,-0.0
e174,0.08923,0.038272
e176,0.088278,0.032751
e178,0.086919,0.02779
e180,0.085912,0.022669
e182,0.084694,0.017015
e184,0.083279,0.011693
e186,0.102746,0.012806
e193,0.102262,0.035426
e195,0.118218,0.031552
e197,0.134874,0.027882
e201,0.118795,0.030681
e203,0.13649,0.026553
e205,0.104798,0.029798
e207,0.120281,0.024884
e209,0.136924,0.019896
e210,0.13648,0.040238
e211,0.109643,0.025512
e212,0.105608,0.029164
e214,0.111072,0.040285
e216,0.10437,0.051612
e220,0.114691,0.024846
e221,0.093834,0.01856
e222,0.101733,0.024887
e224,0.101742,0.017665
e226,0.101878,0.009629
e228,0.10069,0.002675
e230,0.099651,-0.007851
e231,0.123401,0.02463
e266,39.412849,17.720331
e297,6.698298,-3.270029
e325,8.936477,0.926442
e326,7.87407,-3.925092
e327,8.42078,0.887838
e328,7.24546,0.788673
e329,35.649517,13.846726
e330,7.085104,0.772989
e331,9.236234,0.946989
e332,8.71031,-4.405512
e333,7.35769,0.798314
e334,34.972046,13.324425
e335,8.131218,0.866583
e336,8.663044,0.906073
e337,7.721843,0.832289
e338,8.220078,0.873295
e339,6.562538,-3.15088
e340,8.636487,0.904732
e341,7.399396,0.803041
e342,7.919069,0.848514
e343,8.690623,0.908239
e344,6.881506,0.755819
e360,8.733084,0.911336
e361,8.813736,0.917618
e374,0.109226,0.02264
e376,7.05274,0.755639
e377,7.593757,0.79866
e377m,7.339535,0.790547
e378,9.241677,-4.746646
e379,7.421288,0.785388
e385,0.08427,0.057173
e387,0.090706,0.037836
e392,0.101519,0.038534
e393,6.197101,0.680521
e395,9.186851,-4.717835
e396,9.375827,0.949072
e397,9.378621,0.946995
e398,8.421347,0.881961
e399,9.684884,0.970266
e403,3.241619,0.39574
e407,8.538779,-4.332231
e417,2.816109,0.353286
e420,8.867873,0.9214
e421,7.262878,0.79064
e422,8.062733,0.861465
e423,0.125212,0.099212
e426,2.207518,-0.625026
e428,14.569417,6.196682
e431,8.427744,-4.255717
e432,8.976789,0.925469
e433,7.969854,0.85032
e434,8.43888,0.886309
e435,8.357764,0.879686
e471,0.062597,0.047
e472,6.181479,0.683039
e473,6.229203,0.687025
e474,0.14084,-0.0
e475,0.15,-0.0
e479,6.217165,0.685984
e485,8.053052,0.857399
e49,2.430975,-0.838158
e502,8.556909,-4.343436
e520,7.329651,0.791604
e521,7.219425,0.782318
e540,8.709389,0.902198
e541,8.652744,0.897216
e542,9.316871,0.945537
e543,9.350547,0.9487
e544,9.174829,-4.695405
e545,9.145801,-4.677429
e546,9.387708,0.952803
e547,8.225412,-4.140117
e548,8.613592,0.898989
e549,8.127009,0.862594
e550,8.494346,0.890475
e551,8.007289,0.853446
e552,8.339048,0.876376
e553,8.236935,0.870812
e554,8.669874,0.903239
e555,8.201581,0.868739
e556,8.185806,-4.116146
e557,8.51228,0.889414
e558,9.400694,0.92896
e559,7.675108,-3.847839
e560,6.675091,-3.276134
e561,6.468546,0.703428
e562,7.943092,0.830059
e58,1.045412,0.780836
e580,6.451434,0.702796
e582,7.753917,0.832741
e583,8.376751,-4.225068
e584,8.543795,0.894548
e585,7.763847,-3.873834
e587,9.483486,0.959358
e59,1.65116,0.782577
e591,0.156731,0.064839
e593,8.28739,0.875932
e598,8.306833,0.877458
e603,9.090213,-4.642125
e604,9.380667,0.948939
e61,0.056689,0.066672
e62,0.056403,0.05353
e625,1670.484863,828.964783
e63,0.042671,0.053957
e635,7.412413,0.791142
e636,6.395873,0.699804
e637,5.597897,0.625004
e638,8.93167,0.897197
e639,7.839349,0.821142
e64,0.084445,0.033171
e642,4.767575,0.545691
e654,9.056376,0.931629
e655,7.978012,0.851395
e656,8.73616,0.908387
e657,8.444571,0.886118
e66,7.589008,-3.807807
e662,6.301636,0.690445
e664,4.572623,-2.048015
e664ex,4.881377,0.57897
e668,8.804029,-4.485213
e67,6.955781,0.749898
e678,4.761459,0.542801
e68,7.625896,0.806732
e682,4.412307,0.511228
e694,4.712227,0.538196
e71,0.051637,0.046134
e715,7.922881,-3.973926
e748,6.953246,0.746799
e793,7.750672,0.814372
e817,7.968481,0.843047
e818,7.35249,0.791158
e836,3.920974,0.466712
e837,4.833016,0.555808
e838,4.957965,0.567976
e850,7.035264,-3.453856
e851,8.352633,-4.241027
e852,8.86032,-4.526978
e853,6.496902,0.711749
e854,7.718287,-3.873393
e855,6.334173,0.695957
e856,7.376517,0.792314
e857,9.613894,0.951501
e858,7.858989,0.834243
e862,59.293613,26.158472
e863,7.18488,-3.515473
e864,119.259727,-63.170853
e874,4.204709,0.493766
e904,6.828596,-3.407801
e908,5.637278,0.635167
ea61009,14.910167,-7.842309
ea61012,1.872164,0.263011
ea81006,0.382083,0.749245
ebambino7,0.060011,0.018489
ec863914,3.859828,0.446969
eh0009,0.09,0.0
eh1070,0.07,0.009966
eh1090,0.089911,0.009934
eh1590,0.08993,0.014902
eh2010,0.100778,0.019922
eh2012,0.1199,0.019883
eh2070,0.07,0.019859
eh2510,0.099939,0.024667
eh3012,0.119759,0.029655
eiffel10,0.027496,0.053277
eiffel371,0.144006,0.030566
eiffel385,0.134385,0.043378
eiffel428,0.089592,0.041456
eiffel430,0.097298,0.043845
esa40,0.107174,0.019808
falcon,0.136779,0.016327
fauvel,7.544172,2.14083
fg1,0.081713,0.03002
fg2,0.081601,0.032547
fg3,0.101401,0.041569
fg4,0.127028,0.046024
fx049915,12.900808,6.117743
fx05188,5.102883,0.579495
fx05191,4.797115,0.548945
fx057816,1.600922,-0.27303
fx05h126,37.161095,16.643873
fx082512,0.53391,0.769128
fx08s176,4.093182,0.479121
fx2,2.482245,0.323419
fx3,2.332395,0.308394
fx38153,11.611057,1.142244
fx60100,47.409882,17.816107
fx601001,1.82938,0.257371
fx60100sm,0.099818,0.034775
fx601261,25.216499,8.24171
fx60157,12.431531,1.205908
fx60160,3.017748,-1.097349
fx60177,12.828466,1.237937
fx61140,33.678967,11.276991
fx61147,17675.326172,-8843.833984
fx61163,11.43364,1.130795
fx61168,5363.980957,-2687.965088
fx61184,35.641563,11.513322
fx62k131,11.47167,1.13671
fx63100,3.310988,-1.289631
fx63110,3.446027,-1.364622
fx63120,3.503574,-1.369837
fx63137sm,0.136763,0.058335
fx63143,11.344496,1.123689
fx63145,42.655144,15.702721
fx63147,10.920964,1.088266
fx63158,35.880577,11.855797
fx6617a2,59.760696,24.607397
fx6617ai,35.297661,14.120037
fx66182,10.545905,1.057983
fx66196v,52.862358,21.132891
fx66a175,9.638688,0.986957
fx66h60,0.06017,0.01673
fx66h80,0.08002,0.024611
fx66s161,10.124676,1.025306
fx66s171,10.27868,1.0373
fx66s196,64.08873,26.652109
fx67k150,9.655897,0.9888
fx67k170,93.781525,-52.208469
fx68h120,0.11807,0.023102
fx69274,0.274141,0.03167
fx69h083,9.478797,3.729662
fx69h098,20.315508,8.612283
fx69pr281,0.281336,0.0554
fx71089a,10.230991,1.031851
fx71120,10.006956,-5.21915
fx711520,10.982286,1.086967
fx711525,11.030934,1.091322
fx711530,194.852524,-102.959969
fx71l150,194.852524,-102.959969
fx72150b,10.520277,1.055246
fx72ls160,0.160116,0.082744
fx73170,0.170901,0.043632
fx73170a,0.17112,0.056299
fx73cl1152,0.15218,0.060875
fx73cl2152,0.152172,0.066228
fx73cl3152,0.152171,0.080074
fx73k170,0.170781,0.045839
fx74080,0.08151,0.043088
fx74130wp1,0.13013,0.0381
fx74130wp2,0.1299,0.039329
fx74130wp2mod,0.12913,0.038733
fx74cl5140,0.140492,0.098027
fx74cl6140,0.140539,0.071436
fx74modsm,0.130827,0.097277
fx75141,0.14134,0.033898
fx75193,0.192731,0.036567
fx75vg166,0.16726,0.024001
fx76100,0.10066,-0.0
fx76120,0.1207,-0.0
fx76mp120,0.121121,0.075727
fx76mp140,0.141089,0.070741
fx76mp160,0.161478,0.060186
fx77080,0.08048,-0.0
fx77w121,0.121041,0.045597
fx77w153,10.868751,1.084453
fx77w258,13.471718,1.285987
fx77w270,0.271362,0.047386
fx77w270s,0.271344,0.046259
fx77w343,223.050003,-118.134232
fx78k140,0.14095,0.043517
fx78k140a20,0.14095,0.043517
fx78k150,0.15108,0.04319
fx78k161,0.16159,0.028453
fx78pk188,0.18814,0.023692
fx79k144,11.563468,1.147175
fx79l100,0.10066,-0.0
fx79l120,0.12068,-0.0
fx79w151a,0.15164,0.037734
fx79w470a,0.463421,0.032456
fx79w660a,0.663887,0.022563
fx80080,0.0806,0.02199
fx83w108,0.108684,0.042155
fx83w160,0.160503,0.038781
fx83w227,0.22645,0.034382
fx84w097,0.0974,0.028141
fx84w127,0.12754,0.037388
fx84w140,0.14082,0.042044
fx84w150,0.149895,0.042029
fx84w175,0.17609,0.043689
fx84w218,0.21965,0.03227
fxl142k,94.606361,42.084419
fxlv152,65.578781,27.161016
fxm2,12.787283,1.235448
fxs02196,12.076506,1.1785
fxs03182,10.367746,1.043971
fxs21158,9.836649,1.003482
geminism,0.15379,0.021989
giiia,24.579443,10.737289
giiib,18.562998,7.756844
giiic,11.774467,4.410864
giiid,8.411805,2.76061
giiie,9.914592,-6.299238
giiif,54.03231,-28.284637
giiig,51.311596,-27.007601
giiih,35.860149,-19.450125
giiii,30.682526,-17.224384
giiij,27.110609,-15.636493
giiik,35.494492,-19.982609
giiil,29.606955,-17.106371
giiim,56.109669,-30.410542
giiin,5.257645,-2.412529
glennmartin2,0.13498,0.058541
glennmartin3,0.137716,0.042041
glennmartin4,0.15493,0.057265
gm15sm,0.0674,0.047602
goe05k,8.349132,4.145461
goe06k,12.483727,6.212742
goe07k,14.536666,7.244472
goe08k,16.174885,8.075652
goe09k,6.14215,3.043271
goe100,15.357066,-7.7055
goe101,1.009779,0.766877
goe10k,8.829095,4.385311
goe113,0.542722,0.74878
goe114,32.802559,-16.430578
goe115,9.115834,4.528813
goe116,1.178594,0.757724
goe117,0.921299,0.762673
goe118,10.528625,-5.292542
goe11k,12.147532,6.043477
goe121,1.266507,0.784547
goe122,4.039938,1.994462
goe123,1.798579,0.255534
goe124,2.169886,-0.608185
goe12k,14.240237,7.094252
goe133,11.14271,-6.305894
goe134,21.09346,-11.067203
goe137,4.941,2.252386
goe13k,15.261324,7.234521
goe14,3.87325,-2.948145
goe140,6.203604,-3.213649
goe142,2588.878418,1288.526489
goe143,5.441628,2.404433
goe144,15.78417,-7.958138
goe147,1.774736,-0.385372
goe14k,21.276182,10.611027
goe15,4.02224,-2.907929
goe155,9.640082,-4.844192
goe15k,24.27676,12.117737
goe164,2.273152,-0.667006
goe165,1.647468,-0.786691
goe167,8.759302,4.105711
goe16k,26.621117,13.049623
goe173,1.729748,0.246568
goe174,5.384967,2.104542
goe176,2.085554,0.281677
goe177,0.691896,0.229888
goe178,4.643722,-2.387155
goe180,2.008652,0.276027
goe182,7.60273,3.063109
goe184,2.18231,0.294079
goe187,0.082802,0.046837
goe188,0.0894,0.041598
goe190,10.59245,4.341174
goe195,97.611916,-49.434059
goe198,2.280569,-0.66878
goe199,12.313907,5.534842
goe207,2.360196,-0.715352
goe210,3.770706,-2.155203
goe217,7.381491,-5.233702
goe222,2.999831,0.371333
goe223,2.618424,-0.857762
goe225,2.984434,0.372222
goe226,3.201189,-1.190251
goe227,2.557026,-0.826982
goe228,3.147425,0.3862
goe229,2.937749,0.829129
goe233,2.983293,-1.484873
goe234,3.229852,-2.298416
goe235,0.065454,0.034576
goe238,9.327131,3.810453
goe239,2.61573,0.336237
goe240,16.746023,-8.639406
goe241,3.371914,-0.572521
goe242,2.704867,0.342401
goe243,22.924263,-12.844967
goe244,11.345805,-6.893108
goe255,2.521428,0.324511
goe256,2.624824,0.336055
goe257,11.137433,5.50286
goe264,1.438808,0.218328
goe265,5.3591,1.75894
goe269,1.899189,-0.454674
goe274,1.940415,0.268586
goe275,2.533254,-0.814622
goe276,6.317168,2.919463
goe277,1.722938,-0.369512
goe278,4.672538,-3.057216
goe279,2.736207,-0.932451
goe280,101.099281,-50.453022
goe281,6.673365,3.238848
goe282,30.61919,-15.516772
goe284,25.993973,-14.310719
goe285,3.003376,0.377133
goe286,6.196895,2.576269
goe287,32.838013,-16.662125
goe288,2.89836,-1.015054
goe289,8.957037,3.635958
goe290,22.386709,-12.512431
goe298,3.18195,0.392003
goe29b,2.425951,0.315611
goe300,5.306633,-2.935621
goe301,5.527502,1.768921
goe303,8.684795,3.420978
goe304,2.955598,-2.065474
goe308,3.378211,1.426988
goe309,10.358452,-5.143834
goe310,13.809819,6.579425
goe311,1.786556,-1.064005
goe314,2.078034,-0.557049
goe315,4.906671,1.596175
goe316,5.016549,1.895682
goe318,6.643422,2.83483
goe319,8.135333,2.933381
goe320,4.567193,1.110464
goe321,2.670265,-0.889754
goe322,8.186082,3.400864
goe323,5.337836,1.813781
goe324,3.300111,-1.244572
goe325,1.556525,-0.261466
goe326,3.874952,1.632148
goe328,1.568863,0.231698
goe329,2.052058,-0.541141
goe330,2.074701,0.28211
goe331,3.12828,0.386328
goe332,2.542559,-0.818588
goe335,1.212538,0.19459
goe336,15.365565,7.415669
goe342,1.922978,0.267387
goe344,1.776612,0.271624
goe346,4.751464,2.350034
goe358,18.561281,-9.300977
goe359,1.163771,0.188512
goe360,2.148272,-0.596318
goe361,8.329857,3.919679
goe362,6.147174,2.485523
goe363,11.37058,-6.355348
goe364,7.082345,2.420426
goe365,35.389584,-18.655178
goe366,2.898099,-1.0146
goe367,2.896037,-1.017959
goe368,0.812656,-0.211355
goe369,7.520433,2.926708
goe370,0.38291,0.783875
goe371,7.586342,3.523092
goe372,7.554472,3.74788
goe373,4.393342,2.155104
goe374,10.322429,4.979573
goe375,10.506314,4.719311
goe376,12.928596,6.210492
goe377,10.952114,5.446872
goe379,12.954167,6.54389
goe380,2.166911,-1.3608
goe381,1.103975,-0.191331
goe382,28.885687,-15.612174
goe383,26.931915,-15.141638
goe384,19.222425,-10.769169
goe385,31.811401,-16.348354
goe386,20.937408,-11.818716
goe387,12.496712,5.20542
goe388,2.139091,-0.584158
goe389,1.35622,0.208626
goe390,3.366651,-0.475658
goe391,9.443867,-4.751043
goe392,6.267413,3.103808
goe393,8.342285,3.856782
goe394,8.518896,3.872082
goe395,1.826659,0.257192
goe396,10.416431,5.178805
goe397,10.327967,5.136276
goe398,13.264565,5.254667
goe399,10.269804,5.106225
goe400,4.548038,2.022428
goe401,11.620145,5.347781
goe402,1.943333,0.268854
goe403,14.803061,-7.430605
goe404,3.187414,0.46802
goe405,1.801282,-0.393639
goe406,18.765724,8.370934
goe407,16.677414,7.699524
goe408,18.354855,8.820424
goe409,1.835543,0.258585
goe410,2.788631,-0.959755
goe411,11.942367,5.949965
goe412,2.45626,0.545151
goe413,2.873774,-1.002021
goe414,9.306178,4.247484
goe415,8.643072,4.210752
goe416a,17.513906,-9.025966
goe417,1.851144,-0.428663
goe417a,11.833835,5.895432
goe418,3.53778,-1.381873
goe419,22.42174,-11.240722
goe420,2.572982,-0.831569
goe421,2.97027,-1.051442
goe422,3.33267,-1.35168
goe423,10.826695,4.166112
goe424,24.696018,-13.522243
goe425,10.114443,4.129643
goe426,2.103241,-0.57105
goe427,1.177573,0.787127
goe428,9.916695,-5.173162
goe429,2.332066,0.311422
goe430,2.133582,0.287492
goe431,2.506282,0.325162
goe432,15.65461,-8.442968
goe433,36.760769,-19.485546
goe434,4.030468,-0.571495
goe435,4.019692,-1.6352
goe436,25.034609,-13.187638
goe437,0.940442,0.783262
goe438,25.235987,-13.361388
goe439,1.351478,0.209568
goe440,3.305341,2.092965
goe441,3.090146,0.381345
goe442,15.093526,-8.187315
goe443,2.948369,1.475385
goe444,10.645379,5.296714
goe445,8.304254,4.126436
goe446,2.474746,-0.780494
goe447,2.63827,-0.871805
goe448,4.338413,1.378136
goe449,2.996752,0.371834
goe450,43.522938,-22.413988
goe451,2.738805,-1.583049
goe456,0.391439,0.783519
goe457,4.775525,2.017237
goe458,0.391439,0.759628
goe459,17.149708,8.246029
goe460,2.805342,0.354281
goe462,2.276955,-0.658639
goe464,9.248716,3.468189
goe474,31.141342,-15.599591
goe476,9.281211,3.552936
goe477,0.725683,0.757839
goe478,2.946779,0.367825
goe479,3.034402,-1.101888
goe480,5.850344,-3.100695
goe481,8.705677,3.29659
goe481a,11.315491,4.74724
goe482,2.967678,0.367714
goe483,10.291697,-5.174702
goe484,10.876345,-5.460556
goe488,0.665204,0.742129
goe490,1.869625,0.875419
goe491,13.369912,6.65639
goe492,1.031883,0.921965
goe493,2.675148,-0.897792
goe494,0.375941,0.786411
goe495,6.314631,-2.409888
goe496,1.746445,-0.364304
goe497,2.552724,0.329472
goe498,3.902436,-1.585168
goe499,0.382257,0.785695
goe500,2.30735,-0.689225
goe501,2.808168,0.354727
goe502,3.203565,-1.189838
goe503,2.747729,-0.931095
goe504,23.277369,-12.362895
goe505,12.658514,5.813755
goe506,10.214377,4.255172
goe507,10.164501,-5.10299
goe508,24.792753,-13.347482
goe509,15.982038,6.953006
goe510,2.05269,0.278725
goe511,13.427103,5.337483
goe512,12.227181,5.075338
goe513,19.380962,8.600679
goe514,12.791126,5.289581
goe515,9.911275,4.927176
goe517,0.550851,0.757742
goe518,12.05876,4.684515
goe522,3.610551,-1.412592
goe523,3.324143,0.401415
goe525,3.324143,0.401415
goe526,3.004021,-1.080994
goe527,3.366955,0.406808
goe528,3.162493,-1.168722
goe529,1.992623,0.273226
goe530,13.621771,5.450207
goe531,3.107708,0.380679
goe532,15.824041,-9.21909
goe533,2.778019,-0.946491
goe534,9.118089,3.205305
goe535,10.630482,3.875574
goe54,6.198243,2.128793
goe546,2.415148,-0.752647
goe547,1.414229,0.215213
goe548,6.863664,3.400358
goe549,19.125162,-11.46332
goe55,9.017491,-4.525764
goe550,2.28838,0.303878
goe553,3.14956,0.388232
goe559,6.655009,5.223972
goe561,19.705795,8.456402
goe562,17.30604,7.925042
goe563,29.926315,-14.991439
goe564,23.800468,-11.93038
goe565,1.50952,0.752761
goe566,5.280813,2.61262
goe567,2.520204,0.325241
goe57,0.910006,-0.204732
goe570,15.163299,6.249441
goe571,17.734604,7.671114
goe572,18.473572,8.267298
goe573,11.371122,4.91871
goe574,8.213824,4.16497
goe575,24.393005,11.183108
goe584,13.860819,-7.068979
goe585,12.394223,-6.612125
goe587,0.681305,0.758298
goe590,8.541161,4.243253
goe591,2.0632,0.280167
goe592,3.542601,-1.378239
goe593,25.299328,-13.569485
goe595,23.490129,-11.775222
goe596,11.938412,-6.687568
goe598,21.898745,-10.97341
goe599,20.596786,-10.325438
goe600,20.820677,-10.9637
goe601,20.701885,-11.395391
goe602,1.250331,0.761612
goe602m,7.189372,-3.62529
goe604,25.418587,-13.9416
goe610b,6.068824,3.004368
goe610bm,22.190922,-11.095524
goe611,26.326365,-13.779958
goe612,9.097612,3.599631
goe613,20.488239,-10.462453
goe614,2.906391,0.361478
goe615,10.635561,-6.27186
goe617,11.716567,5.124972
goe619,2.109435,0.283123
goe620,4.079912,1.008004
goe621,2.778343,-0.949175
goe622,23.677589,-11.866069
goe623,30.782253,-16.077957
goe624,25.27994,-13.765083
goe625,24.595757,-13.403937
goe626,2.88152,0.358664
goe627,6.387956,1.983439
goe628,7.341316,-4.985276
goe629,2.887537,-1.017805
goe63,2.706608,-0.908509
goe630,8.794834,3.381455
goe632,17.385046,7.985159
goe633,2.58012,-0.924751
goe645,22.31542,-12.23832
goe646,3.299351,-1.241088
goe647,9.329466,3.502758
goe648,6.889813,1.827705
goe650,7.643321,2.766693
goe652,3.379324,0.408135
goe654,2.469439,0.31969
goe655,15.567819,-8.656207
goe670,1.301274,0.204448
goe673,0.745089,0.757714
goe675,15.748303,-9.234786
goe676,27.885561,-14.37252
goe677,5.263061,2.34431
goe679,30.764261,-16.599665
goe681,39.103142,-20.855429
goe682,1.815229,-0.402176
goe683,24.491861,11.277672
goe685,2.67749,-0.897994
goe692,31.738024,-16.801041
goe693,4.560142,1.746794
goe701,2.684201,-0.900547
goe702,3.225376,-1.199656
goe703,12.811306,5.318566
goe704,3.595525,1.311454
goe711,24.534225,-12.995234
goe723,13.223269,5.840108
goe735,14.229682,5.942333
goe738,13.907611,6.057232
goe741,10.478424,4.169725
goe744,15.035177,6.37028
goe746,12.115185,5.643207
goe758,16.329031,-8.844082
goe765,0.144004,0.01633
goe766,9.675202,3.799033
goe767,3.267267,0.402237
goe769,21.299246,-11.814615
goe770,6.540273,1.839613
goe775,13.739788,5.626314
goe776,12.707915,4.98591
goe777,10.814276,3.647234
goe780,21.571253,10.757718
goe79,4.28247,1.111988
goe795sm,0.08028,0.02442
goe796,4.350628,0.499909
goe797,19.994978,-10.615984
goe798,6.794822,2.390314
goe801,2.492144,0.322046
goe802,2.492144,0.322046
goe802a,1.751655,-0.28056
goe802b,1.292655,0.934912
goe803h,3.414839,-2.504277
goe804,0.778268,0.75703
goe81,3.907248,-2.598977
goe92,1.518914,-0.680038
griffith30SymSuction,1.518914,-0.680038
gs1,2.529789,0.327875
gu255118,31.581497,-5.539591
hh02,9.106802,-4.688766
hobie,0.08496,0.038895
hobiesm,0.085762,0.038294
hor04,1592.892212,790.502991
hor07,6.277841,0.708494
hor12,43.074474,-28.186636
hor20,27.200327,7.195095
hq010,83.365898,37.236427
hq07,231.467697,112.382462
hq09,7.713841,0.83201
hq1010,6.253304,0.696709
hq1012,6.959651,-3.442796
hq108,5.309313,0.605096
hq109,5.837638,0.656687
hq1510,6.369938,-3.098579
hq1511,978.164551,-494.910706
hq1512,6.979156,-3.451837
hq158,24.185085,9.46065
hq1585,2.304603,-0.696495
hq159,5.998589,0.671332
hq159b,64.772606,-33.885571
hq17,31.068918,11.497375
hq2010,6.490905,-3.168458
hq2012,7.070117,-3.504304
hq208,5.750283,0.646887
hq209,6.147182,0.685015
hq2090sm,0.089701,0.01936
hq2195,15.94996,-10.184061
hq2510,6.146311,0.684906
hq2511,52.04649,19.918924
hq2512,6.843932,-3.373158
hq258,5.377601,-2.519984
hq259,5.806779,-2.770386
hq2590sm,0.090323,0.024508
hq259b,96.506844,-50.474152
hq300gd2,12.036544,1.131463
hq3010,6.795085,-3.344795
hq3011,7.046154,-3.490272
hq3012,7.290098,-3.631357
hq3013,7.477864,-3.739692
hq3014,7.659269,0.825012
hq3015,7.811882,0.837188
hq308,6.169512,0.687064
hq309,6.511747,-3.180477
hq3510,6.961057,-3.442043
hq3512,7.430536,-3.713623
hq3513,7.633976,0.823629
hq3514,3.9367,-1.62438
hq3518,4.171729,-1.753513
hq358,6.375277,0.707499
hq359,6.694622,-3.287682
hs1404,480.587097,-246.78537
hs1430,117.584198,50.432987
hs1606,14.550723,1.389293
hs1620,77.422043,30.485073
hs1708,15.293305,1.444973
hs1712,50.845047,17.25515
hsnlf213,16.115683,1.50233
ht05,0.048115,0.0
ht08,0.05,-0.0
ht12,0.050205,-1e-06
ht22,0.0508,0.010747
ht23,0.065087,0.010767
isa571,0.073706,0.034821
isa960,0.094667,0.044081
isa961,0.09284,0.044408
isa962,0.095999,0.045473
j5012,0.12,1e-06
jn153,16.71689,1.53902
joukowsk,10.817475,1.081573
jx-gs-04,0.069,0.014864
jx-gs-06,0.070998,0.014653
jx-gs-10,0.074099,0.014671
jx-gs-15,0.075998,0.014657
k1,30.275917,2.50791
k2,29.276073,-26.381842
k3,31.356112,2.637518
k3311,0.110005,0.031845
k3311sm,0.11028,0.032296
